source_platform,n,mean_rating
YandexMaps,375,4.525333333333333
GoogleMaps,216,4.3842592592592595
