has_text,source_platform,n,p
no,GoogleMaps,129,0.5972222222222222
no,YandexMaps,1,0.0026666666666666666
yes,GoogleMaps,87,0.4027777777777778
yes,YandexMaps,374,0.9973333333333333
