source_platform,n,mean_rating
GoogleMaps,203,4.201970443349754
YandexMaps,122,4.024590163934426
